{
    "name": "{z}/{x}/{y}.png",
    "description": "Map Tiles Downloader via AliFlux",
    "format": "png",
    "bounds": "119.51481057514042,37.11599682938569,123.28082200191591,38.534818149324906",
    "center": "121.39781628852816,37.8254074893553,10.0",
    "minzoom": 4,
    "maxzoom": 10,
    "profile": "mercator",
    "tilesize": "256",
    "scheme": "xyz",
    "generator": "EliteMapper by Visor Dynamics",
    "type": "overlay",
    "attribution": "EliteMapper by Visor Dynamics"
}